sender_account,receiver_account,amount,timestamp
ACC1128,ACC2126,1138.54,2026-08-21T21:40:02.929039+00:00
ACC1138,ACC2102,804.41,2026-08-22T14:28:02.929039+00:00
ACC1127,ACC2142,4461.78,2026-08-21T22:29:02.929039+00:00
ACC1106,ACC2132,3114.56,2026-08-21T16:18:02.929039+00:00
ACC18242,ACC26484,1183.96,2026-08-20T22:43:40.805961+00:00
ACC1136,ACC2146,3115.14,2026-08-23T05:50:02.929039+00:00
ACC1119,ACC2128,1888.88,2026-08-23T10:49:02.929039+00:00
ACC1101,ACC2142,3537.71,2026-08-23T01:36:02.929039+00:00
ACC18113,ACC29921,1359.0,2026-08-22T09:32:40.805961+00:00
ACC1118,ACC2127,1307.03,2026-08-21T23:39:02.929039+00:00
ACC1144,ACC2130,4223.95,2026-08-23T01:20:02.929039+00:00
ACC1118,ACC2140,1128.4,2026-08-22T17:27:02.929039+00:00
ACC1143,ACC2122,4075.57,2026-08-22T08:32:02.929039+00:00
ACC1103,ACC2149,134.26,2026-08-22T23:40:02.929039+00:00
ACC1144,ACC2147,1333.55,2026-08-21T22:23:02.929039+00:00
ACC_LOOP02,ACC_LOOP03,47965.53,2026-08-22T22:49:02.929039+00:00
ACC1120,ACC2129,2326.25,2026-08-21T22:08:02.929039+00:00
ACC1119,ACC2109,586.35,2026-08-22T23:57:02.929039+00:00
ACC_SMURF020,ACC_SHELL01,9899.32,2026-08-22T05:23:17.929039+00:00
ACC1122,ACC2104,808.71,2026-08-22T20:53:02.929039+00:00
ACC1135,ACC2128,3912.29,2026-08-23T00:15:02.929039+00:00
ACC_SMURF003,ACC_SHELL01,8982.93,2026-08-22T04:55:32.929039+00:00
ACC1115,ACC2105,108161.22,2026-08-21T23:39:02.929039+00:00
ACC_SMURF004,ACC_SHELL01,9629.45,2026-08-22T04:41:17.929039+00:00
ACC1142,ACC2129,1811.37,2026-08-22T15:45:02.929039+00:00
ACC18242,ACC21633,805.11,2026-08-23T03:44:40.805961+00:00
ACC1119,ACC2146,3061.33,2026-08-21T15:52:02.929039+00:00
ACC16520,ACC21633,251.22,2026-08-21T21:51:40.805961+00:00
ACC1137,ACC2127,277.58,2026-08-23T14:00:02.929039+00:00
ACC1116,ACC2134,4259.65,2026-08-22T13:46:02.929039+00:00
ACC16316,ACC29921,343.58,2026-08-21T20:18:40.805961+00:00
ACC1112,ACC2139,2860.09,2026-08-22T06:23:02.929039+00:00
ACC1133,ACC2103,3639.6,2026-08-22T12:25:02.929039+00:00
ACC_SMURF002,ACC_SHELL01,9227.65,2026-08-22T04:39:47.929039+00:00
ACC19863,ACC27311,1017.49,2026-08-21T14:09:40.805961+00:00
ACC1111,ACC2108,1469.31,2026-08-22T22:30:02.929039+00:00
ACC1148,ACC2112,2621.39,2026-08-21T19:47:02.929039+00:00
ACC1146,ACC2125,3084.74,2026-08-22T11:04:02.929039+00:00
ACC1116,ACC2143,245866.15,2026-08-23T11:39:02.929039+00:00
ACC1117,ACC2143,277.47,2026-08-22T13:35:02.929039+00:00
ACC1145,ACC2121,1073.68,2026-08-23T02:25:02.929039+00:00
ACC1129,ACC2118,1591.64,2026-08-22T06:58:02.929039+00:00
ACC1136,ACC2132,612.02,2026-08-21T18:26:02.929039+00:00
ACC1138,ACC2147,1175.77,2026-08-22T11:39:02.929039+00:00
ACC17586,ACC25754,92.68,2026-08-21T10:04:40.805961+00:00
ACC1116,ACC2130,4081.34,2026-08-22T11:08:02.929039+00:00
ACC16316,ACC29921,678.11,2026-08-22T13:19:40.805961+00:00
ACC1127,ACC2148,3126.71,2026-08-21T23:18:02.929039+00:00
ACC_LOOP02,ACC_LOOP03,46081.12,2026-08-23T14:49:02.929039+00:00
ACC_SMURF014,ACC_SHELL01,9829.3,2026-08-22T05:48:47.929039+00:00
ACC1105,ACC2121,235231.36,2026-08-21T18:39:02.929039+00:00
ACC1126,ACC2124,1856.26,2026-08-22T06:57:02.929039+00:00
ACC1122,ACC2143,233.11,2026-08-23T08:53:02.929039+00:00
ACC_SMURF009,ACC_SHELL01,9435.8,2026-08-22T05:15:02.929039+00:00
ACC1102,ACC2109,806.75,2026-08-21T17:15:02.929039+00:00
ACC1144,ACC2146,3995.14,2026-08-22T05:51:02.929039+00:00
ACC19863,ACC25754,1327.35,2026-08-22T13:23:40.805961+00:00
ACC1143,ACC2140,1587.37,2026-08-21T17:31:02.929039+00:00
ACC1140,ACC2101,2086.8,2026-08-21T14:40:02.929039+00:00
ACC1121,ACC2132,98843.88,2026-08-22T13:39:02.929039+00:00
ACC_SMURF018,ACC_SHELL01,9002.11,2026-08-22T05:21:47.929039+00:00
ACC1139,ACC2131,4034.18,2026-08-21T16:45:02.929039+00:00
ACC1130,ACC2148,2026.17,2026-08-23T09:13:02.929039+00:00
ACC1140,ACC2135,1411.23,2026-08-22T15:09:02.929039+00:00
ACC16316,ACC27311,427.04,2026-08-21T06:27:40.805961+00:00
ACC_SMURF004,ACC_SHELL01,9772.44,2026-08-22T05:26:17.929039+00:00
ACC1107,ACC2134,2010.54,2026-08-22T15:53:02.929039+00:00
ACC_SMURF013,ACC_SHELL01,8956.4,2026-08-22T06:03:02.929039+00:00
ACC_SMURF004,ACC_SHELL01,9208.62,2026-08-22T05:56:17.929039+00:00
ACC1138,ACC2102,1216.98,2026-08-23T02:51:02.929039+00:00
ACC1123,ACC2111,783.73,2026-08-23T13:48:02.929039+00:00
ACC_SMURF009,ACC_SHELL01,9824.48,2026-08-22T04:45:02.929039+00:00
ACC1144,ACC2112,2798.41,2026-08-22T18:32:02.929039+00:00
ACC_SMURF010,ACC_SHELL01,9466.11,2026-08-22T04:45:47.929039+00:00
ACC1121,ACC2113,2597.74,2026-08-22T07:57:02.929039+00:00
ACC1100,ACC2143,3355.35,2026-08-22T19:50:02.929039+00:00
ACC_SMURF001,ACC_SHELL01,9296.69,2026-08-22T06:09:02.929039+00:00
ACC1102,ACC2126,1895.85,2026-08-22T19:16:02.929039+00:00
ACC_LOOP03,ACC_LOOP01,43206.96,2026-08-22T18:59:02.929039+00:00
ACC1101,ACC2135,1852.86,2026-08-23T13:47:02.929039+00:00
ACC15543,ACC25200,1740.34,2026-08-21T08:25:40.805961+00:00
ACC_SMURF015,ACC_SHELL01,8922.63,2026-08-22T05:19:32.929039+00:00
ACC1129,ACC2108,1111.59,2026-08-22T23:40:02.929039+00:00
ACC1149,ACC2118,1051.88,2026-08-22T05:33:02.929039+00:00
ACC1149,ACC2134,595.12,2026-08-21T23:09:02.929039+00:00
ACC1104,ACC2149,3920.75,2026-08-22T10:34:02.929039+00:00
ACC_SMURF015,ACC_SHELL01,9775.59,2026-08-22T06:19:32.929039+00:00
ACC_SMURF001,ACC_SHELL01,9803.26,2026-08-22T05:54:02.929039+00:00
ACC1117,ACC2148,2381.72,2026-08-23T10:47:02.929039+00:00
ACC15543,ACC21150,262.67,2026-08-22T12:47:40.805961+00:00
ACC18113,ACC27311,1640.79,2026-08-22T05:35:40.805961+00:00
ACC1138,ACC2147,3356.88,2026-08-21T20:24:02.929039+00:00
ACC14639,ACC25754,1297.28,2026-08-23T03:16:40.805961+00:00
ACC1112,ACC2138,300.06,2026-08-22T12:40:02.929039+00:00
ACC1119,ACC2108,3661.86,2026-08-22T08:24:02.929039+00:00
ACC_SMURF013,ACC_SHELL01,9884.97,2026-08-22T04:48:02.929039+00:00
ACC1130,ACC2102,2589.09,2026-08-23T04:26:02.929039+00:00
ACC1137,ACC2112,1408.53,2026-08-22T05:27:02.929039+00:00
ACC1114,ACC2113,2544.49,2026-08-23T00:55:02.929039+00:00
ACC1126,ACC2119,2904.8,2026-08-23T09:39:02.929039+00:00
ACC16316,ACC21437,145.61,2026-08-20T19:31:40.805961+00:00
ACC18242,ACC21633,936.72,2026-08-22T13:16:40.805961+00:00
ACC1115,ACC2108,790.46,2026-08-22T10:21:02.929039+00:00
ACC1124,ACC2148,4302.97,2026-08-23T04:58:02.929039+00:00
ACC18113,ACC24892,410.11,2026-08-21T20:40:40.805961+00:00
ACC19882,ACC29921,989.88,2026-08-22T20:54:40.805961+00:00
ACC_LOOP03,ACC_LOOP01,46020.12,2026-08-22T10:59:02.929039+00:00
ACC17586,ACC25754,657.51,2026-08-21T21:16:40.805961+00:00
ACC18113,ACC27311,1444.88,2026-08-23T00:51:40.805961+00:00
ACC1139,ACC2121,2827.93,2026-08-22T11:49:02.929039+00:00
ACC1133,ACC2140,77610.38,2026-08-22T20:39:02.929039+00:00
ACC_SMURF005,ACC_SHELL01,8909.52,2026-08-22T06:12:02.929039+00:00
ACC19863,ACC27311,1492.52,2026-08-20T20:54:40.805961+00:00
ACC1148,ACC2138,269.71,2026-08-22T10:57:02.929039+00:00
ACC1122,ACC2113,1904.22,2026-08-23T12:57:02.929039+00:00
ACC1125,ACC2124,1690.6,2026-08-21T16:46:02.929039+00:00
ACC_SMURF010,ACC_SHELL01,9461.53,2026-08-22T05:00:47.929039+00:00
ACC1141,ACC2140,4294.62,2026-08-22T14:02:02.929039+00:00
ACC1114,ACC2141,261.6,2026-08-21T16:51:02.929039+00:00
ACC_LOOP03,ACC_LOOP01,44901.34,2026-08-23T00:59:02.929039+00:00
ACC1144,ACC2115,1867.26,2026-08-21T23:14:02.929039+00:00
ACC1123,ACC2133,900.45,2026-08-22T22:03:02.929039+00:00
ACC1107,ACC2115,1560.68,2026-08-21T18:11:02.929039+00:00
ACC_SMURF013,ACC_SHELL01,9502.19,2026-08-22T05:18:02.929039+00:00
ACC1130,ACC2121,195.06,2026-08-23T12:16:02.929039+00:00
ACC_SMURF013,ACC_SHELL01,9675.22,2026-08-22T05:48:02.929039+00:00
ACC14639,ACC25200,1629.06,2026-08-23T01:03:40.805961+00:00
ACC1149,ACC2147,2337.32,2026-08-21T20:42:02.929039+00:00
ACC14639,ACC21150,67.07,2026-08-22T22:31:40.805961+00:00
ACC1121,ACC2103,2600.33,2026-08-21T19:05:02.929039+00:00
ACC1123,ACC2113,269.53,2026-08-22T15:05:02.929039+00:00
ACC19863,ACC24892,932.29,2026-08-21T09:05:40.805961+00:00
ACC_LOOP03,ACC_LOOP01,46599.24,2026-08-23T12:59:02.929039+00:00
ACC1115,ACC2142,3971.81,2026-08-23T06:16:02.929039+00:00
ACC1101,ACC2142,876.21,2026-08-23T12:59:02.929039+00:00
ACC1105,ACC2123,378.37,2026-08-22T16:29:02.929039+00:00
ACC_SMURF009,ACC_SHELL01,9938.33,2026-08-22T06:00:02.929039+00:00
ACC1120,ACC2146,1940.46,2026-08-22T18:51:02.929039+00:00
ACC16316,ACC21437,348.05,2026-08-22T19:55:40.805961+00:00
ACC1126,ACC2119,3867.76,2026-08-22T13:19:02.929039+00:00
ACC1136,ACC2144,1776.33,2026-08-22T14:36:02.929039+00:00
ACC18242,ACC26484,539.57,2026-08-23T03:17:40.805961+00:00
ACC1109,ACC2120,1912.68,2026-08-22T21:19:02.929039+00:00
ACC16316,ACC25754,378.83,2026-08-22T01:00:40.805961+00:00
ACC_LOOP02,ACC_LOOP03,44901.34,2026-08-23T00:49:02.929039+00:00
ACC16520,ACC24892,812.14,2026-08-21T20:38:40.805961+00:00
ACC1124,ACC2109,1271.96,2026-08-23T04:03:02.929039+00:00
ACC1125,ACC2130,3933.48,2026-08-21T21:41:02.929039+00:00
ACC1133,ACC2134,242637.75,2026-08-22T21:39:02.929039+00:00
ACC_SMURF002,ACC_SHELL01,9592.56,2026-08-22T05:09:47.929039+00:00
ACC1130,ACC2119,1408.41,2026-08-22T15:48:02.929039+00:00
ACC1113,ACC2137,4390.43,2026-08-21T16:31:02.929039+00:00
ACC1143,ACC2122,2597.03,2026-08-22T04:02:02.929039+00:00
ACC_SMURF007,ACC_SHELL01,8928.18,2026-08-22T05:43:32.929039+00:00
ACC1146,ACC2114,34.62,2026-08-23T04:56:02.929039+00:00
ACC_SMURF006,ACC_SHELL01,9459.47,2026-08-22T05:27:47.929039+00:00
ACC1132,ACC2130,3418.04,2026-08-22T14:30:02.929039+00:00
ACC1127,ACC2134,819.37,2026-08-23T04:43:02.929039+00:00
ACC1110,ACC2130,821.29,2026-08-23T11:39:02.929039+00:00
ACC1142,ACC2113,1181.62,2026-08-21T18:26:02.929039+00:00
ACC1115,ACC2136,2340.71,2026-08-21T20:42:02.929039+00:00
ACC1105,ACC2121,2027.66,2026-08-22T22:11:02.929039+00:00
ACC14639,ACC21150,1207.53,2026-08-22T18:45:40.805961+00:00
ACC1101,ACC2131,2931.02,2026-08-22T02:51:02.929039+00:00
ACC1103,ACC2149,1208.98,2026-08-22T18:01:02.929039+00:00
ACC1143,ACC2139,1244.47,2026-08-22T08:53:02.929039+00:00
ACC1122,ACC2123,513.29,2026-08-23T05:35:02.929039+00:00
ACC1122,ACC2122,3273.66,2026-08-22T18:35:02.929039+00:00
ACC1142,ACC2119,3249.25,2026-08-23T09:36:02.929039+00:00
ACC_SMURF014,ACC_SHELL01,9006.11,2026-08-22T05:03:47.929039+00:00
ACC1143,ACC2131,3422.02,2026-08-23T01:20:02.929039+00:00
ACC1108,ACC2104,1724.23,2026-08-21T20:11:02.929039+00:00
ACC_LOOP01,ACC_LOOP02,43206.96,2026-08-22T18:39:02.929039+00:00
ACC1111,ACC2119,2903.26,2026-08-22T12:43:02.929039+00:00
ACC1126,ACC2100,3680.77,2026-08-23T03:09:02.929039+00:00
ACC1136,ACC2130,3689.62,2026-08-22T14:26:02.929039+00:00
ACC1118,ACC2129,352.36,2026-08-23T02:50:02.929039+00:00
ACC_LOOP02,ACC_LOOP03,45779.29,2026-08-23T08:49:02.929039+00:00
ACC1137,ACC2126,76896.96,2026-08-22T08:39:02.929039+00:00
ACC1128,ACC2106,2769.14,2026-08-22T16:13:02.929039+00:00
ACC1142,ACC2103,4142.94,2026-08-22T12:20:02.929039+00:00
ACC1146,ACC2134,663.69,2026-08-22T19:56:02.929039+00:00
ACC1124,ACC2138,4452.98,2026-08-22T23:19:02.929039+00:00
ACC_LOOP02,ACC_LOOP03,44968.95,2026-08-22T12:49:02.929039+00:00
ACC_SMURF011,ACC_SHELL01,9261.84,2026-08-22T05:46:32.929039+00:00
ACC1133,ACC2122,3168.5,2026-08-23T04:53:02.929039+00:00
ACC14639,ACC29921,935.1,2026-08-21T20:45:40.805961+00:00
ACC1138,ACC2135,864.99,2026-08-21T19:17:02.929039+00:00
ACC15543,ACC24892,758.87,2026-08-22T18:58:40.805961+00:00
ACC19882,ACC21437,735.28,2026-08-22T23:06:40.805961+00:00
ACC1106,ACC2116,24.93,2026-08-21T16:29:02.929039+00:00
ACC16316,ACC26484,669.45,2026-08-23T05:13:40.805961+00:00
ACC16520,ACC21437,1305.96,2026-08-22T17:42:40.805961+00:00
ACC_LOOP01,ACC_LOOP02,44506.05,2026-08-22T20:39:02.929039+00:00
ACC18242,ACC21150,680.12,2026-08-21T02:24:40.805961+00:00
ACC1121,ACC2132,1243.51,2026-08-21T20:59:02.929039+00:00
ACC1114,ACC2123,2416.77,2026-08-22T23:53:02.929039+00:00
ACC1136,ACC2134,978.33,2026-08-23T09:53:02.929039+00:00
ACC1108,ACC2142,4280.01,2026-08-21T15:33:02.929039+00:00
ACC1109,ACC2139,1047.51,2026-08-22T17:58:02.929039+00:00
ACC1114,ACC2133,577.01,2026-08-23T04:52:02.929039+00:00
ACC1143,ACC2118,193365.01,2026-08-22T21:39:02.929039+00:00
ACC1100,ACC2144,121618.0,2026-08-21T18:39:02.929039+00:00
ACC1115,ACC2122,1652.44,2026-08-22T03:11:02.929039+00:00
ACC1113,ACC2115,3405.95,2026-08-22T23:33:02.929039+00:00
ACC1111,ACC2112,2940.06,2026-08-22T21:05:02.929039+00:00
ACC1101,ACC2103,3072.97,2026-08-22T03:55:02.929039+00:00
ACC1149,ACC2135,3452.78,2026-08-22T16:42:02.929039+00:00
ACC1139,ACC2142,463.3,2026-08-21T21:02:02.929039+00:00
ACC1141,ACC2109,3662.44,2026-08-23T10:20:02.929039+00:00
ACC1108,ACC2125,996.61,2026-08-22T18:16:02.929039+00:00
ACC_LOOP02,ACC_LOOP03,47642.91,2026-08-22T14:49:02.929039+00:00
ACC1130,ACC2111,3913.05,2026-08-22T05:11:02.929039+00:00
ACC1140,ACC2142,467.57,2026-08-22T23:55:02.929039+00:00
ACC1129,ACC2120,3200.61,2026-08-21T14:41:02.929039+00:00
ACC19882,ACC26484,1385.94,2026-08-23T07:49:40.805961+00:00
ACC1130,ACC2148,1963.54,2026-08-23T06:35:02.929039+00:00
ACC1149,ACC2139,2623.42,2026-08-23T07:49:02.929039+00:00
ACC17586,ACC21633,643.08,2026-08-22T16:45:40.805961+00:00
ACC_SMURF017,ACC_SHELL01,9133.14,2026-08-22T05:36:02.929039+00:00
ACC1102,ACC2100,3551.25,2026-08-22T15:47:02.929039+00:00
ACC1122,ACC2109,262.1,2026-08-23T14:09:02.929039+00:00
ACC1137,ACC2103,154658.43,2026-08-21T17:39:02.929039+00:00
ACC1144,ACC2108,2938.31,2026-08-23T03:45:02.929039+00:00
ACC1141,ACC2122,533.6,2026-08-23T12:37:02.929039+00:00
ACC_SMURF014,ACC_SHELL01,9200.28,2026-08-22T06:03:47.929039+00:00
ACC1136,ACC2112,1093.48,2026-08-22T20:55:02.929039+00:00
ACC1138,ACC2108,1309.96,2026-08-21T17:59:02.929039+00:00
ACC1115,ACC2144,1463.38,2026-08-22T19:29:02.929039+00:00
ACC1124,ACC2131,208.13,2026-08-22T12:12:02.929039+00:00
ACC1125,ACC2126,2326.48,2026-08-22T22:27:02.929039+00:00
ACC1114,ACC2129,1558.74,2026-08-22T02:24:02.929039+00:00
ACC_LOOP03,ACC_LOOP01,47642.91,2026-08-22T14:59:02.929039+00:00
ACC1129,ACC2143,88.66,2026-08-22T09:41:02.929039+00:00
ACC1113,ACC2119,2607.04,2026-08-22T20:40:02.929039+00:00
ACC1134,ACC2103,1966.48,2026-08-22T09:10:02.929039+00:00
ACC19863,ACC25754,1792.97,2026-08-23T02:57:40.805961+00:00
ACC1110,ACC2131,2921.2,2026-08-21T18:02:02.929039+00:00
ACC1105,ACC2147,2495.58,2026-08-22T22:51:02.929039+00:00
ACC1105,ACC2146,3212.39,2026-08-22T03:14:02.929039+00:00
ACC_SMURF008,ACC_SHELL01,9485.22,2026-08-22T05:14:17.929039+00:00
ACC_SMURF015,ACC_SHELL01,9606.96,2026-08-22T06:04:32.929039+00:00
ACC1128,ACC2117,2234.92,2026-08-22T12:24:02.929039+00:00
ACC1149,ACC2118,3817.64,2026-08-23T03:29:02.929039+00:00
ACC1123,ACC2138,3697.48,2026-08-22T05:34:02.929039+00:00
ACC_SMURF011,ACC_SHELL01,9711.86,2026-08-22T04:46:32.929039+00:00
ACC1147,ACC2103,2966.58,2026-08-21T14:58:02.929039+00:00
ACC1137,ACC2133,1730.66,2026-08-22T09:26:02.929039+00:00
ACC1115,ACC2115,124379.02,2026-08-23T05:39:02.929039+00:00
ACC1128,ACC2130,1681.23,2026-08-21T20:52:02.929039+00:00
ACC1129,ACC2113,2062.27,2026-08-22T11:24:02.929039+00:00
ACC1143,ACC2147,2324.14,2026-08-23T00:05:02.929039+00:00
ACC1100,ACC2114,1405.61,2026-08-22T06:54:02.929039+00:00
ACC1144,ACC2113,2477.31,2026-08-21T17:57:02.929039+00:00
ACC1147,ACC2111,4148.58,2026-08-23T13:36:02.929039+00:00
ACC1148,ACC2111,3264.34,2026-08-22T14:58:02.929039+00:00
ACC19863,ACC26484,108.65,2026-08-20T19:51:40.805961+00:00
ACC1140,ACC2137,4264.3,2026-08-22T09:02:02.929039+00:00
ACC1103,ACC2105,774.31,2026-08-21T15:06:02.929039+00:00
ACC1131,ACC2133,159.89,2026-08-22T00:24:02.929039+00:00
ACC1138,ACC2113,4058.73,2026-08-22T09:32:02.929039+00:00
ACC1129,ACC2118,4337.35,2026-08-23T02:56:02.929039+00:00
ACC16520,ACC25754,619.86,2026-08-20T16:14:40.805961+00:00
ACC1105,ACC2101,3578.34,2026-08-22T07:58:02.929039+00:00
ACC1125,ACC2142,2838.06,2026-08-23T09:29:02.929039+00:00
ACC1101,ACC2135,1598.29,2026-08-22T00:08:02.929039+00:00
ACC1108,ACC2128,2320.31,2026-08-22T14:37:02.929039+00:00
ACC_SMURF019,ACC_SHELL01,9604.51,2026-08-22T04:52:32.929039+00:00
ACC1140,ACC2144,331.05,2026-08-23T05:47:02.929039+00:00
ACC1146,ACC2112,2735.22,2026-08-22T10:30:02.929039+00:00
ACC1132,ACC2142,3026.53,2026-08-21T18:04:02.929039+00:00
ACC15543,ACC25754,352.37,2026-08-22T02:35:40.805961+00:00
ACC1147,ACC2120,1422.07,2026-08-23T05:14:02.929039+00:00
ACC_SMURF007,ACC_SHELL01,8955.99,2026-08-22T05:28:32.929039+00:00
ACC1124,ACC2114,904.82,2026-08-21T18:05:02.929039+00:00
ACC1139,ACC2120,387.06,2026-08-23T04:17:02.929039+00:00
ACC1103,ACC2140,1933.44,2026-08-21T15:07:02.929039+00:00
ACC1107,ACC2119,536.28,2026-08-22T07:29:02.929039+00:00
ACC1145,ACC2110,3201.71,2026-08-22T03:32:02.929039+00:00
ACC1116,ACC2126,3475.29,2026-08-23T04:15:02.929039+00:00
ACC1130,ACC2128,1202.76,2026-08-22T10:28:02.929039+00:00
ACC1122,ACC2105,3119.29,2026-08-22T08:04:02.929039+00:00
ACC1123,ACC2134,2389.7,2026-08-22T18:42:02.929039+00:00
ACC1139,ACC2119,127606.92,2026-08-22T08:39:02.929039+00:00
ACC1103,ACC2115,3865.03,2026-08-22T03:46:02.929039+00:00
ACC1128,ACC2111,225.49,2026-08-21T17:37:02.929039+00:00
ACC1101,ACC2145,467.81,2026-08-21T20:23:02.929039+00:00
ACC18113,ACC28160,147.6,2026-08-22T05:04:40.805961+00:00
ACC19863,ACC29921,669.69,2026-08-22T22:40:40.805961+00:00
ACC17586,ACC24892,1352.03,2026-08-22T18:44:40.805961+00:00
ACC1142,ACC2126,3405.55,2026-08-21T23:05:02.929039+00:00
ACC1143,ACC2107,3358.85,2026-08-23T13:02:02.929039+00:00
ACC1123,ACC2106,1488.21,2026-08-22T16:58:02.929039+00:00
ACC1111,ACC2123,3614.02,2026-08-23T08:26:02.929039+00:00
ACC1116,ACC2104,4214.65,2026-08-22T14:24:02.929039+00:00
ACC1111,ACC2128,1559.48,2026-08-22T04:37:02.929039+00:00
ACC16520,ACC21633,1466.2,2026-08-21T09:54:40.805961+00:00
ACC17586,ACC28160,1489.42,2026-08-21T05:49:40.805961+00:00
ACC1116,ACC2103,127657.12,2026-08-22T16:39:02.929039+00:00
ACC14639,ACC25754,729.77,2026-08-22T12:21:40.805961+00:00
ACC1117,ACC2124,1328.19,2026-08-23T02:49:02.929039+00:00
ACC1121,ACC2117,3718.74,2026-08-22T19:00:02.929039+00:00
ACC1134,ACC2123,2698.37,2026-08-23T01:32:02.929039+00:00
ACC1102,ACC2140,4485.74,2026-08-22T01:21:02.929039+00:00
ACC1147,ACC2129,3798.37,2026-08-22T00:22:02.929039+00:00
ACC_SMURF003,ACC_SHELL01,8946.37,2026-08-22T05:25:32.929039+00:00
ACC1113,ACC2121,3363.19,2026-08-21T18:14:02.929039+00:00
ACC14639,ACC26484,965.45,2026-08-22T12:25:40.805961+00:00
ACC1103,ACC2105,3412.5,2026-08-22T13:26:02.929039+00:00
ACC16316,ACC27311,1441.2,2026-08-20T18:43:40.805961+00:00
ACC14639,ACC25200,1453.86,2026-08-20T19:28:40.805961+00:00
ACC_SMURF008,ACC_SHELL01,9022.87,2026-08-22T04:44:17.929039+00:00
ACC1102,ACC2148,3126.36,2026-08-21T16:02:02.929039+00:00
ACC1108,ACC2136,2071.38,2026-08-22T03:20:02.929039+00:00
ACC_SMURF010,ACC_SHELL01,9812.71,2026-08-22T06:00:47.929039+00:00
ACC1148,ACC2105,1736.53,2026-08-22T15:13:02.929039+00:00
ACC1127,ACC2116,1840.94,2026-08-22T12:09:02.929039+00:00
ACC1143,ACC2136,3045.19,2026-08-23T07:34:02.929039+00:00
ACC1140,ACC2124,1884.42,2026-08-23T05:33:02.929039+00:00
ACC1137,ACC2108,3509.71,2026-08-21T19:37:02.929039+00:00
ACC1113,ACC2127,2729.21,2026-08-21T20:13:02.929039+00:00
ACC1122,ACC2138,60324.17,2026-08-22T00:39:02.929039+00:00
ACC1100,ACC2137,435.69,2026-08-23T08:57:02.929039+00:00
ACC14639,ACC26484,1226.25,2026-08-22T15:44:40.805961+00:00
ACC1139,ACC2134,3232.99,2026-08-23T06:00:02.929039+00:00
ACC1140,ACC2136,3492.44,2026-08-23T09:51:02.929039+00:00
ACC1103,ACC2129,2412.82,2026-08-21T17:49:02.929039+00:00
ACC1112,ACC2119,3592.3,2026-08-21T21:03:02.929039+00:00
ACC1149,ACC2126,4247.24,2026-08-22T20:08:02.929039+00:00
ACC15543,ACC28160,1744.5,2026-08-23T00:47:40.805961+00:00
ACC_SMURF015,ACC_SHELL01,9849.58,2026-08-22T05:04:32.929039+00:00
ACC1136,ACC2104,1333.66,2026-08-22T04:40:02.929039+00:00
ACC1133,ACC2143,4455.23,2026-08-21T15:41:02.929039+00:00
ACC16520,ACC21633,480.23,2026-08-22T09:55:40.805961+00:00
ACC1147,ACC2128,3289.09,2026-08-21T17:37:02.929039+00:00
ACC1144,ACC2135,411.99,2026-08-22T00:37:02.929039+00:00
ACC1141,ACC2144,1937.4,2026-08-23T09:16:02.929039+00:00
ACC1138,ACC2128,3010.56,2026-08-22T20:04:02.929039+00:00
ACC1117,ACC2123,3710.94,2026-08-21T15:31:02.929039+00:00
ACC1135,ACC2143,1402.0,2026-08-22T10:04:02.929039+00:00
ACC1128,ACC2127,3306.68,2026-08-21T19:10:02.929039+00:00
ACC1140,ACC2124,2169.51,2026-08-22T08:48:02.929039+00:00
ACC1128,ACC2103,3889.24,2026-08-23T05:49:02.929039+00:00
ACC1143,ACC2135,2051.8,2026-08-23T06:31:02.929039+00:00
ACC_SMURF018,ACC_SHELL01,8950.79,2026-08-22T05:51:47.929039+00:00
ACC1112,ACC2139,358.3,2026-08-22T07:58:02.929039+00:00
ACC_SMURF005,ACC_SHELL01,9498.55,2026-08-22T05:27:02.929039+00:00
ACC1143,ACC2107,577.27,2026-08-21T19:29:02.929039+00:00
ACC_LOOP02,ACC_LOOP03,46020.12,2026-08-22T10:49:02.929039+00:00
ACC1123,ACC2113,1548.73,2026-08-22T21:24:02.929039+00:00
ACC1130,ACC2147,2702.31,2026-08-22T05:41:02.929039+00:00
ACC1103,ACC2135,1129.2,2026-08-22T21:50:02.929039+00:00
ACC1127,ACC2108,827.39,2026-08-21T23:28:02.929039+00:00
ACC1114,ACC2132,839.36,2026-08-21T20:22:02.929039+00:00
ACC1109,ACC2139,3912.4,2026-08-22T05:45:02.929039+00:00
ACC19882,ACC27311,694.97,2026-08-23T00:03:40.805961+00:00
ACC1116,ACC2103,3860.82,2026-08-22T07:47:02.929039+00:00
ACC1142,ACC2111,3985.84,2026-08-21T16:34:02.929039+00:00
ACC1131,ACC2147,2506.94,2026-08-22T17:23:02.929039+00:00
ACC1148,ACC2103,70.94,2026-08-21T20:21:02.929039+00:00
ACC1121,ACC2105,1871.41,2026-08-21T23:24:02.929039+00:00
ACC1138,ACC2137,418.8,2026-08-22T16:53:02.929039+00:00
ACC1149,ACC2142,1532.82,2026-08-21T18:59:02.929039+00:00
ACC_SMURF004,ACC_SHELL01,9572.57,2026-08-22T05:11:17.929039+00:00
ACC1130,ACC2124,1378.49,2026-08-21T18:46:02.929039+00:00
ACC_LOOP01,ACC_LOOP02,47666.07,2026-08-23T10:39:02.929039+00:00
ACC1143,ACC2111,2119.41,2026-08-22T23:12:02.929039+00:00
ACC_LOOP01,ACC_LOOP02,46020.12,2026-08-22T10:39:02.929039+00:00
ACC1105,ACC2146,1222.9,2026-08-22T03:33:02.929039+00:00
ACC1122,ACC2102,2510.26,2026-08-22T11:53:02.929039+00:00
ACC1147,ACC2120,3423.29,2026-08-23T10:17:02.929039+00:00
ACC1111,ACC2140,850.08,2026-08-23T03:03:02.929039+00:00
ACC1125,ACC2125,4355.52,2026-08-23T08:38:02.929039+00:00
ACC_SMURF014,ACC_SHELL01,9354.95,2026-08-22T06:18:47.929039+00:00
ACC1104,ACC2149,1228.73,2026-08-23T04:06:02.929039+00:00
ACC1132,ACC2136,1176.36,2026-08-22T12:37:02.929039+00:00
ACC1124,ACC2104,3514.62,2026-08-22T11:00:02.929039+00:00
ACC1126,ACC2129,3667.76,2026-08-22T20:19:02.929039+00:00
ACC1127,ACC2108,2291.2,2026-08-22T05:37:02.929039+00:00
ACC_SMURF001,ACC_SHELL01,9003.47,2026-08-22T04:39:02.929039+00:00
ACC17586,ACC21150,682.06,2026-08-22T01:05:40.805961+00:00
ACC17586,ACC25754,1187.7,2026-08-20T19:31:40.805961+00:00
ACC1110,ACC2126,4151.98,2026-08-22T04:41:02.929039+00:00
ACC1126,ACC2127,1923.55,2026-08-21T20:26:02.929039+00:00
ACC1146,ACC2132,4243.81,2026-08-23T02:20:02.929039+00:00
ACC1132,ACC2100,1889.86,2026-08-22T00:09:02.929039+00:00
ACC_SMURF017,ACC_SHELL01,9329.17,2026-08-22T04:51:02.929039+00:00
ACC19882,ACC26484,680.3,2026-08-23T09:18:40.805961+00:00
ACC1132,ACC2103,2883.75,2026-08-21T22:45:02.929039+00:00
ACC18760,ACC26484,1567.63,2026-08-21T02:17:40.805961+00:00
ACC1145,ACC2117,1279.17,2026-08-23T07:50:02.929039+00:00
ACC1106,ACC2128,4337.72,2026-08-23T11:04:02.929039+00:00
ACC1134,ACC2126,515.79,2026-08-21T16:33:02.929039+00:00
ACC1100,ACC2103,1682.31,2026-08-22T03:25:02.929039+00:00
ACC1108,ACC2128,3246.61,2026-08-22T04:24:02.929039+00:00
ACC_SMURF005,ACC_SHELL01,9460.41,2026-08-22T04:57:02.929039+00:00
ACC1111,ACC2141,2686.18,2026-08-22T02:56:02.929039+00:00
ACC15543,ACC29921,1215.12,2026-08-21T01:44:40.805961+00:00
ACC1105,ACC2140,1253.69,2026-08-21T20:41:02.929039+00:00
ACC1136,ACC2111,1918.65,2026-08-22T16:54:02.929039+00:00
ACC1122,ACC2101,2348.59,2026-08-23T08:29:02.929039+00:00
ACC1109,ACC2106,4396.02,2026-08-22T18:34:02.929039+00:00
ACC1111,ACC2131,2501.7,2026-08-23T03:57:02.929039+00:00
ACC1115,ACC2137,1229.4,2026-08-21T16:14:02.929039+00:00
ACC_SMURF017,ACC_SHELL01,9310.75,2026-08-22T06:06:02.929039+00:00
ACC1146,ACC2143,248576.97,2026-08-21T16:39:02.929039+00:00
ACC1122,ACC2116,1183.8,2026-08-21T19:27:02.929039+00:00
ACC1139,ACC2114,1560.8,2026-08-22T14:37:02.929039+00:00
ACC18242,ACC29921,1287.65,2026-08-23T00:09:40.805961+00:00
ACC1125,ACC2117,1818.77,2026-08-23T07:45:02.929039+00:00
ACC1102,ACC2119,4190.24,2026-08-23T14:17:02.929039+00:00
ACC1101,ACC2118,1567.58,2026-08-22T18:44:02.929039+00:00
ACC1124,ACC2105,188039.23,2026-08-23T06:39:02.929039+00:00
ACC18760,ACC28160,1602.17,2026-08-23T01:37:40.805961+00:00
ACC_LOOP03,ACC_LOOP01,44968.95,2026-08-22T12:59:02.929039+00:00
ACC1118,ACC2144,2020.4,2026-08-21T19:26:02.929039+00:00
ACC1134,ACC2114,3824.18,2026-08-21T23:45:02.929039+00:00
ACC1123,ACC2143,818.26,2026-08-22T06:58:02.929039+00:00
ACC1110,ACC2133,2686.4,2026-08-22T14:17:02.929039+00:00
ACC1131,ACC2126,210759.14,2026-08-23T08:39:02.929039+00:00
ACC18242,ACC28160,632.93,2026-08-21T06:58:40.805961+00:00
ACC1118,ACC2114,1791.61,2026-08-21T17:40:02.929039+00:00
ACC17586,ACC25200,253.89,2026-08-21T03:45:40.805961+00:00
ACC1132,ACC2125,3354.46,2026-08-22T08:07:02.929039+00:00
ACC1132,ACC2116,875.39,2026-08-23T00:16:02.929039+00:00
ACC1101,ACC2149,3800.29,2026-08-23T00:43:02.929039+00:00
ACC16316,ACC26484,382.75,2026-08-21T15:44:40.805961+00:00
ACC1148,ACC2115,191046.23,2026-08-22T15:39:02.929039+00:00
ACC1110,ACC2139,101056.29,2026-08-23T07:39:02.929039+00:00
ACC_SMURF002,ACC_SHELL01,9427.13,2026-08-22T05:24:47.929039+00:00
ACC16316,ACC25754,1641.68,2026-08-22T13:10:40.805961+00:00
ACC1115,ACC2146,77909.63,2026-08-21T18:39:02.929039+00:00
ACC1123,ACC2102,3618.0,2026-08-22T01:01:02.929039+00:00
ACC1148,ACC2124,2100.37,2026-08-23T14:37:02.929039+00:00
ACC16520,ACC27311,1395.95,2026-08-21T12:26:40.805961+00:00
ACC1102,ACC2106,1493.43,2026-08-21T17:20:02.929039+00:00
ACC1119,ACC2136,3091.16,2026-08-22T02:23:02.929039+00:00
ACC_SMURF018,ACC_SHELL01,9159.78,2026-08-22T05:36:47.929039+00:00
ACC1122,ACC2111,105.24,2026-08-22T01:50:02.929039+00:00
ACC1124,ACC2139,1594.71,2026-08-22T18:12:02.929039+00:00
ACC1149,ACC2142,165168.88,2026-08-22T12:39:02.929039+00:00
ACC1116,ACC2132,1664.23,2026-08-23T10:28:02.929039+00:00
ACC1136,ACC2121,4119.5,2026-08-22T23:50:02.929039+00:00
ACC14639,ACC28160,944.78,2026-08-20T17:53:40.805961+00:00
ACC1112,ACC2109,2454.63,2026-08-21T19:23:02.929039+00:00
ACC14639,ACC21437,207.91,2026-08-21T16:12:40.805961+00:00
ACC1148,ACC2115,2981.71,2026-08-21T17:08:02.929039+00:00
ACC1113,ACC2143,652.96,2026-08-23T01:18:02.929039+00:00
ACC1111,ACC2119,147070.88,2026-08-23T10:39:02.929039+00:00
ACC_SMURF011,ACC_SHELL01,9784.42,2026-08-22T05:01:32.929039+00:00
ACC15543,ACC27311,861.38,2026-08-21T13:05:40.805961+00:00
ACC1144,ACC2135,218.38,2026-08-23T03:32:02.929039+00:00
ACC1103,ACC2135,3768.01,2026-08-21T18:12:02.929039+00:00
ACC1100,ACC2116,869.6,2026-08-21T18:05:02.929039+00:00
ACC19863,ACC25754,73.41,2026-08-21T22:59:40.805961+00:00
ACC_SMURF008,ACC_SHELL01,9501.42,2026-08-22T04:59:17.929039+00:00
ACC1140,ACC2147,4333.24,2026-08-23T07:39:02.929039+00:00
ACC1141,ACC2101,1534.97,2026-08-23T12:48:02.929039+00:00
ACC1141,ACC2130,523.51,2026-08-23T08:30:02.929039+00:00
ACC1102,ACC2147,3354.65,2026-08-23T03:14:02.929039+00:00
ACC19863,ACC21437,921.13,2026-08-23T00:02:40.805961+00:00
ACC_LOOP01,ACC_LOOP02,46081.12,2026-08-23T14:39:02.929039+00:00
ACC_SMURF002,ACC_SHELL01,9371.53,2026-08-22T05:39:47.929039+00:00
ACC1116,ACC2143,1391.55,2026-08-21T15:30:02.929039+00:00
ACC1133,ACC2129,1612.43,2026-08-23T14:21:02.929039+00:00
ACC1112,ACC2105,4408.09,2026-08-23T03:37:02.929039+00:00
ACC18242,ACC29921,1452.46,2026-08-22T04:41:40.805961+00:00
ACC1102,ACC2140,2006.68,2026-08-22T14:18:02.929039+00:00
ACC15543,ACC28160,893.59,2026-08-22T14:27:40.805961+00:00
ACC1103,ACC2102,2717.65,2026-08-21T20:14:02.929039+00:00
ACC19882,ACC21633,134.1,2026-08-22T22:14:40.805961+00:00
ACC1130,ACC2133,197.54,2026-08-22T03:12:02.929039+00:00
ACC1104,ACC2112,3367.15,2026-08-22T22:06:02.929039+00:00
ACC1129,ACC2148,2849.09,2026-08-22T20:08:02.929039+00:00
ACC1123,ACC2127,985.5,2026-08-22T19:59:02.929039+00:00
ACC_SMURF002,ACC_SHELL01,9542.66,2026-08-22T05:54:47.929039+00:00
ACC1147,ACC2102,3572.25,2026-08-22T02:46:02.929039+00:00
ACC15543,ACC29921,1231.55,2026-08-22T06:55:40.805961+00:00
ACC1147,ACC2106,1223.52,2026-08-23T13:29:02.929039+00:00
ACC1128,ACC2130,3830.25,2026-08-21T21:01:02.929039+00:00
ACC_LOOP03,ACC_LOOP01,46081.12,2026-08-23T14:59:02.929039+00:00
ACC1123,ACC2118,367.05,2026-08-22T07:47:02.929039+00:00
ACC_LOOP02,ACC_LOOP03,44506.05,2026-08-22T20:49:02.929039+00:00
ACC1126,ACC2123,233116.82,2026-08-22T03:39:02.929039+00:00
ACC1145,ACC2127,2224.31,2026-08-22T20:17:02.929039+00:00
ACC15543,ACC28160,1789.11,2026-08-22T10:55:40.805961+00:00
ACC1128,ACC2139,3339.54,2026-08-21T21:14:02.929039+00:00
ACC_SMURF017,ACC_SHELL01,9152.84,2026-08-22T05:06:02.929039+00:00
ACC1145,ACC2132,186523.56,2026-08-23T01:39:02.929039+00:00
ACC1146,ACC2140,48.27,2026-08-22T19:58:02.929039+00:00
ACC1112,ACC2142,60758.7,2026-08-22T20:39:02.929039+00:00
ACC1130,ACC2109,3410.08,2026-08-21T19:01:02.929039+00:00
ACC1108,ACC2108,1978.32,2026-08-23T12:04:02.929039+00:00
ACC1121,ACC2136,2162.44,2026-08-23T10:23:02.929039+00:00
ACC1140,ACC2122,3665.77,2026-08-22T14:21:02.929039+00:00
ACC1101,ACC2100,313.79,2026-08-21T21:42:02.929039+00:00
ACC1121,ACC2120,3489.84,2026-08-22T10:12:02.929039+00:00
ACC1136,ACC2143,843.5,2026-08-22T21:36:02.929039+00:00
ACC1109,ACC2146,124.22,2026-08-23T03:02:02.929039+00:00
ACC19882,ACC21633,1279.06,2026-08-22T21:32:40.805961+00:00
ACC1114,ACC2114,173829.52,2026-08-21T19:39:02.929039+00:00
ACC1136,ACC2104,1153.58,2026-08-21T16:19:02.929039+00:00
ACC1135,ACC2131,3914.23,2026-08-23T03:21:02.929039+00:00
ACC1148,ACC2108,3112.31,2026-08-22T20:15:02.929039+00:00
ACC1114,ACC2144,284.15,2026-08-22T08:06:02.929039+00:00
ACC17586,ACC27311,160.43,2026-08-23T08:42:40.805961+00:00
ACC14639,ACC21633,1307.64,2026-08-21T05:06:40.805961+00:00
ACC1100,ACC2130,3502.73,2026-08-23T09:49:02.929039+00:00
ACC1135,ACC2140,2110.79,2026-08-23T09:59:02.929039+00:00
ACC1137,ACC2118,91.3,2026-08-22T02:14:02.929039+00:00
ACC1121,ACC2101,630.26,2026-08-23T03:40:02.929039+00:00
ACC1138,ACC2139,252.84,2026-08-21T22:10:02.929039+00:00
ACC_SMURF007,ACC_SHELL01,9644.32,2026-08-22T06:13:32.929039+00:00
ACC1147,ACC2123,261.68,2026-08-22T02:02:02.929039+00:00
ACC1112,ACC2102,1235.55,2026-08-22T07:48:02.929039+00:00
ACC1145,ACC2145,1328.89,2026-08-22T21:29:02.929039+00:00
ACC1134,ACC2117,2700.28,2026-08-22T22:28:02.929039+00:00
ACC1137,ACC2105,1413.49,2026-08-22T10:50:02.929039+00:00
ACC1130,ACC2141,1295.39,2026-08-23T13:29:02.929039+00:00
ACC_LOOP02,ACC_LOOP03,43206.96,2026-08-22T18:49:02.929039+00:00
ACC1137,ACC2145,100.69,2026-08-23T03:46:02.929039+00:00
ACC1135,ACC2101,365.79,2026-08-22T23:08:02.929039+00:00
ACC1104,ACC2117,847.42,2026-08-22T02:57:02.929039+00:00
ACC1141,ACC2120,1161.42,2026-08-22T09:35:02.929039+00:00
ACC1123,ACC2106,2566.83,2026-08-22T19:46:02.929039+00:00
ACC1111,ACC2148,3054.85,2026-08-23T12:24:02.929039+00:00
ACC16520,ACC27311,332.02,2026-08-21T17:08:40.805961+00:00
ACC_SMURF003,ACC_SHELL01,9625.89,2026-08-22T06:10:32.929039+00:00
ACC1132,ACC2119,2175.13,2026-08-22T05:53:02.929039+00:00
ACC1113,ACC2120,3556.4,2026-08-22T12:55:02.929039+00:00
ACC18760,ACC25754,202.45,2026-08-21T19:24:40.805961+00:00
ACC1135,ACC2148,1864.92,2026-08-22T23:24:02.929039+00:00
ACC19863,ACC21633,483.98,2026-08-23T08:31:40.805961+00:00
ACC1145,ACC2147,229771.4,2026-08-22T15:39:02.929039+00:00
ACC_SMURF008,ACC_SHELL01,8992.83,2026-08-22T05:59:17.929039+00:00
ACC_SMURF010,ACC_SHELL01,9253.37,2026-08-22T05:15:47.929039+00:00
ACC1121,ACC2109,3414.41,2026-08-22T11:56:02.929039+00:00
ACC14639,ACC25754,901.5,2026-08-20T21:58:40.805961+00:00
ACC1111,ACC2141,3003.28,2026-08-22T10:18:02.929039+00:00
ACC1124,ACC2111,685.45,2026-08-23T03:32:02.929039+00:00
ACC18242,ACC21150,667.51,2026-08-23T01:38:40.805961+00:00
ACC1114,ACC2123,1277.84,2026-08-22T01:32:02.929039+00:00
ACC1102,ACC2102,2930.06,2026-08-22T07:51:02.929039+00:00
ACC1147,ACC2101,238163.8,2026-08-22T03:39:02.929039+00:00
ACC1149,ACC2144,2823.66,2026-08-22T10:42:02.929039+00:00
ACC1130,ACC2129,4422.92,2026-08-23T03:23:02.929039+00:00
ACC_SMURF004,ACC_SHELL01,9081.85,2026-08-22T06:11:17.929039+00:00
ACC_LOOP02,ACC_LOOP03,42178.0,2026-08-23T02:49:02.929039+00:00
ACC_SMURF020,ACC_SHELL01,9746.48,2026-08-22T05:38:17.929039+00:00
ACC1115,ACC2126,1422.06,2026-08-23T05:44:02.929039+00:00
ACC1102,ACC2106,3055.0,2026-08-22T11:08:02.929039+00:00
ACC1133,ACC2120,2883.95,2026-08-21T22:22:02.929039+00:00
ACC18760,ACC21437,1271.37,2026-08-22T07:06:40.805961+00:00
ACC1100,ACC2137,274.95,2026-08-23T14:24:02.929039+00:00
ACC1117,ACC2120,211.3,2026-08-23T12:10:02.929039+00:00
ACC1102,ACC2122,3930.95,2026-08-23T07:33:02.929039+00:00
ACC1140,ACC2125,4081.43,2026-08-23T14:30:02.929039+00:00
ACC1136,ACC2119,2761.39,2026-08-22T07:21:02.929039+00:00
ACC16520,ACC25200,203.71,2026-08-23T03:30:40.805961+00:00
ACC1122,ACC2101,2364.64,2026-08-23T04:59:02.929039+00:00
ACC18113,ACC21437,1360.09,2026-08-23T03:53:40.805961+00:00
ACC1118,ACC2111,850.27,2026-08-22T22:09:02.929039+00:00
ACC1145,ACC2131,1122.25,2026-08-23T11:42:02.929039+00:00
ACC_SMURF003,ACC_SHELL01,9198.69,2026-08-22T05:55:32.929039+00:00
ACC1139,ACC2141,125.32,2026-08-21T20:21:02.929039+00:00
ACC1113,ACC2135,3486.89,2026-08-21T22:40:02.929039+00:00
ACC1106,ACC2117,2557.83,2026-08-23T00:49:02.929039+00:00
ACC1102,ACC2118,2355.61,2026-08-22T23:51:02.929039+00:00
ACC_SMURF014,ACC_SHELL01,8933.07,2026-08-22T05:33:47.929039+00:00
ACC1148,ACC2124,2398.01,2026-08-21T20:51:02.929039+00:00
ACC1148,ACC2110,3453.31,2026-08-23T10:38:02.929039+00:00
ACC17586,ACC24892,47.44,2026-08-22T10:29:40.805961+00:00
ACC1115,ACC2142,2983.39,2026-08-21T18:13:02.929039+00:00
ACC17586,ACC27311,124.8,2026-08-23T01:53:40.805961+00:00
ACC_SMURF009,ACC_SHELL01,8932.78,2026-08-22T06:15:02.929039+00:00
ACC1122,ACC2116,237.91,2026-08-23T04:06:02.929039+00:00
ACC_SMURF001,ACC_SHELL01,9155.87,2026-08-22T05:09:02.929039+00:00
ACC1144,ACC2109,3175.91,2026-08-22T14:29:02.929039+00:00
ACC1123,ACC2107,4426.75,2026-08-23T06:48:02.929039+00:00
ACC15543,ACC27311,399.03,2026-08-21T10:29:40.805961+00:00
ACC1131,ACC2137,294.64,2026-08-23T09:05:02.929039+00:00
ACC1103,ACC2139,2849.26,2026-08-22T05:26:02.929039+00:00
ACC1132,ACC2106,1978.71,2026-08-21T19:16:02.929039+00:00
ACC1113,ACC2133,3823.66,2026-08-23T08:02:02.929039+00:00
ACC1106,ACC2141,861.31,2026-08-23T08:06:02.929039+00:00
ACC1148,ACC2136,3990.93,2026-08-22T16:04:02.929039+00:00
ACC1141,ACC2140,3663.32,2026-08-22T08:40:02.929039+00:00
ACC1111,ACC2107,1182.61,2026-08-23T00:45:02.929039+00:00
ACC17586,ACC25200,1341.69,2026-08-21T04:16:40.805961+00:00
ACC_SMURF016,ACC_SHELL01,9644.93,2026-08-22T05:20:17.929039+00:00
ACC1136,ACC2136,789.28,2026-08-22T00:00:02.929039+00:00
ACC1116,ACC2130,1411.44,2026-08-23T01:26:02.929039+00:00
ACC1114,ACC2123,3456.28,2026-08-21T22:10:02.929039+00:00
ACC19882,ACC21437,169.98,2026-08-21T17:32:40.805961+00:00
ACC17586,ACC27311,410.91,2026-08-23T03:23:40.805961+00:00
ACC1129,ACC2117,1055.11,2026-08-22T07:40:02.929039+00:00
ACC_LOOP01,ACC_LOOP02,47838.25,2026-08-23T04:39:02.929039+00:00
ACC19863,ACC25200,762.9,2026-08-21T11:58:40.805961+00:00
ACC1140,ACC2108,3016.52,2026-08-23T01:13:02.929039+00:00
ACC1115,ACC2126,119568.66,2026-08-22T03:39:02.929039+00:00
ACC1103,ACC2112,4432.49,2026-08-23T02:41:02.929039+00:00
ACC1115,ACC2149,405.19,2026-08-22T07:34:02.929039+00:00
ACC18242,ACC26484,1183.87,2026-08-23T07:20:40.805961+00:00
ACC1112,ACC2126,2234.65,2026-08-22T16:57:02.929039+00:00
ACC1106,ACC2146,3728.05,2026-08-21T22:20:02.929039+00:00
ACC18113,ACC26484,1152.53,2026-08-21T10:16:40.805961+00:00
ACC_SMURF015,ACC_SHELL01,9112.82,2026-08-22T05:34:32.929039+00:00
ACC1121,ACC2119,1896.95,2026-08-21T23:43:02.929039+00:00
ACC_SMURF009,ACC_SHELL01,9058.67,2026-08-22T05:30:02.929039+00:00
ACC1107,ACC2131,2954.74,2026-08-21T17:45:02.929039+00:00
ACC1125,ACC2113,1418.7,2026-08-22T04:01:02.929039+00:00
ACC1130,ACC2134,2944.66,2026-08-22T17:52:02.929039+00:00
ACC1103,ACC2139,3048.2,2026-08-22T19:31:02.929039+00:00
ACC1129,ACC2141,2917.64,2026-08-21T16:17:02.929039+00:00
ACC_SMURF012,ACC_SHELL01,8915.84,2026-08-22T06:02:17.929039+00:00
ACC1125,ACC2113,1951.24,2026-08-21T14:51:02.929039+00:00
ACC18113,ACC21437,1417.7,2026-08-22T05:05:40.805961+00:00
ACC18242,ACC21437,1509.61,2026-08-21T14:15:40.805961+00:00
ACC_SMURF002,ACC_SHELL01,9702.06,2026-08-22T04:54:47.929039+00:00
ACC_SMURF001,ACC_SHELL01,9292.84,2026-08-22T05:24:02.929039+00:00
ACC18242,ACC21150,924.59,2026-08-23T06:07:40.805961+00:00
ACC1112,ACC2128,1107.84,2026-08-22T07:02:02.929039+00:00
ACC1118,ACC2143,166949.73,2026-08-23T11:39:02.929039+00:00
ACC18242,ACC24892,1388.6,2026-08-21T21:23:40.805961+00:00
ACC1139,ACC2113,3701.07,2026-08-22T21:02:02.929039+00:00
ACC1132,ACC2133,3347.22,2026-08-21T14:41:02.929039+00:00
ACC_SMURF005,ACC_SHELL01,9027.69,2026-08-22T05:57:02.929039+00:00
ACC1129,ACC2128,3808.87,2026-08-22T02:44:02.929039+00:00
ACC19863,ACC25754,522.49,2026-08-21T15:57:40.805961+00:00
ACC_SMURF003,ACC_SHELL01,9858.07,2026-08-22T05:40:32.929039+00:00
ACC_SMURF006,ACC_SHELL01,9337.23,2026-08-22T04:57:47.929039+00:00
ACC_SMURF010,ACC_SHELL01,9218.14,2026-08-22T05:30:47.929039+00:00
ACC1104,ACC2125,683.97,2026-08-21T20:48:02.929039+00:00
ACC1129,ACC2144,3783.48,2026-08-22T16:28:02.929039+00:00
ACC1123,ACC2101,323.87,2026-08-22T15:38:02.929039+00:00
ACC16520,ACC25200,1710.2,2026-08-22T08:26:40.805961+00:00
ACC1110,ACC2148,1571.97,2026-08-22T22:56:02.929039+00:00
ACC1119,ACC2146,1144.27,2026-08-22T20:18:02.929039+00:00
ACC_SMURF008,ACC_SHELL01,9924.88,2026-08-22T05:29:17.929039+00:00
ACC1132,ACC2140,2548.88,2026-08-21T23:41:02.929039+00:00
ACC_SMURF019,ACC_SHELL01,9203.92,2026-08-22T06:07:32.929039+00:00
ACC_SMURF020,ACC_SHELL01,9265.78,2026-08-22T05:53:17.929039+00:00
ACC1108,ACC2134,716.71,2026-08-22T20:11:02.929039+00:00
ACC1129,ACC2147,1913.92,2026-08-22T09:25:02.929039+00:00
ACC1117,ACC2106,3447.44,2026-08-22T22:44:02.929039+00:00
ACC1124,ACC2112,4214.82,2026-08-22T12:44:02.929039+00:00
ACC1107,ACC2132,3164.98,2026-08-23T04:24:02.929039+00:00
ACC1124,ACC2125,691.13,2026-08-22T17:09:02.929039+00:00
ACC1148,ACC2105,558.52,2026-08-23T08:10:02.929039+00:00
ACC18113,ACC25200,98.58,2026-08-20T23:23:40.805961+00:00
ACC16316,ACC25200,1567.87,2026-08-23T05:23:40.805961+00:00
ACC1103,ACC2123,4235.21,2026-08-22T20:37:02.929039+00:00
ACC1140,ACC2117,2145.45,2026-08-22T06:02:02.929039+00:00
ACC1105,ACC2109,880.19,2026-08-23T01:43:02.929039+00:00
ACC_LOOP02,ACC_LOOP03,47838.25,2026-08-23T04:49:02.929039+00:00
ACC1149,ACC2122,2706.03,2026-08-23T09:18:02.929039+00:00
ACC18760,ACC27311,1420.54,2026-08-20T15:25:40.805961+00:00
ACC1139,ACC2140,3687.59,2026-08-22T13:24:02.929039+00:00
ACC1101,ACC2127,2687.45,2026-08-22T17:55:02.929039+00:00
ACC1105,ACC2116,1463.45,2026-08-22T19:13:02.929039+00:00
ACC1105,ACC2139,3608.45,2026-08-22T13:40:02.929039+00:00
ACC_SMURF005,ACC_SHELL01,9865.22,2026-08-22T04:42:02.929039+00:00
ACC_SMURF016,ACC_SHELL01,9503.38,2026-08-22T05:35:17.929039+00:00
ACC1117,ACC2133,2162.18,2026-08-22T15:28:02.929039+00:00
ACC1106,ACC2112,226.93,2026-08-23T04:13:02.929039+00:00
ACC1141,ACC2120,1861.82,2026-08-21T16:19:02.929039+00:00
ACC1122,ACC2137,616.29,2026-08-22T05:37:02.929039+00:00
ACC1135,ACC2114,3767.78,2026-08-21T18:06:02.929039+00:00
ACC18242,ACC24892,499.19,2026-08-21T17:53:40.805961+00:00
ACC1141,ACC2119,179842.26,2026-08-21T16:39:02.929039+00:00
ACC1111,ACC2109,900.62,2026-08-22T04:09:02.929039+00:00
ACC1117,ACC2149,1615.7,2026-08-21T16:47:02.929039+00:00
ACC1108,ACC2138,445.37,2026-08-21T23:35:02.929039+00:00
ACC19863,ACC26484,973.17,2026-08-22T20:36:40.805961+00:00
ACC1146,ACC2119,1637.42,2026-08-22T00:27:02.929039+00:00
ACC16316,ACC29921,513.99,2026-08-20T18:37:40.805961+00:00
ACC1137,ACC2114,20.43,2026-08-23T14:02:02.929039+00:00
ACC_SMURF001,ACC_SHELL01,9936.17,2026-08-22T05:39:02.929039+00:00
ACC1145,ACC2107,3916.96,2026-08-22T10:53:02.929039+00:00
ACC1144,ACC2109,3352.39,2026-08-22T06:52:02.929039+00:00
ACC1113,ACC2133,3199.48,2026-08-21T15:57:02.929039+00:00
ACC1103,ACC2103,1290.03,2026-08-22T19:36:02.929039+00:00
ACC1141,ACC2133,3295.38,2026-08-22T09:47:02.929039+00:00
ACC1127,ACC2139,348.26,2026-08-22T19:52:02.929039+00:00
ACC1149,ACC2111,846.33,2026-08-22T07:42:02.929039+00:00
ACC1145,ACC2105,2800.48,2026-08-22T16:06:02.929039+00:00
ACC19863,ACC25200,852.5,2026-08-21T08:06:40.805961+00:00
ACC_SMURF018,ACC_SHELL01,9048.99,2026-08-22T04:51:47.929039+00:00
ACC1106,ACC2106,517.95,2026-08-22T16:52:02.929039+00:00
ACC_LOOP03,ACC_LOOP01,44506.05,2026-08-22T20:59:02.929039+00:00
ACC1126,ACC2134,3758.85,2026-08-22T22:06:02.929039+00:00
ACC1139,ACC2114,216.93,2026-08-21T17:10:02.929039+00:00
ACC19882,ACC25754,1617.24,2026-08-20T22:32:40.805961+00:00
ACC1111,ACC2122,4329.47,2026-08-21T18:41:02.929039+00:00
ACC_LOOP03,ACC_LOOP01,47838.25,2026-08-23T04:59:02.929039+00:00
ACC1119,ACC2140,2078.77,2026-08-22T17:08:02.929039+00:00
ACC1138,ACC2133,2475.06,2026-08-23T06:21:02.929039+00:00
ACC_LOOP01,ACC_LOOP02,47661.23,2026-08-23T06:39:02.929039+00:00
ACC1134,ACC2111,449.69,2026-08-23T04:52:02.929039+00:00
ACC_SMURF012,ACC_SHELL01,8927.47,2026-08-22T05:47:17.929039+00:00
ACC1119,ACC2117,22.3,2026-08-21T17:40:02.929039+00:00
ACC1112,ACC2140,3758.71,2026-08-21T22:18:02.929039+00:00
ACC1128,ACC2118,3405.93,2026-08-22T03:15:02.929039+00:00
ACC_SMURF016,ACC_SHELL01,9396.72,2026-08-22T05:50:17.929039+00:00
ACC_SMURF006,ACC_SHELL01,9826.4,2026-08-22T05:57:47.929039+00:00
ACC1125,ACC2143,3876.59,2026-08-23T03:16:02.929039+00:00
ACC_LOOP02,ACC_LOOP03,47661.23,2026-08-23T06:49:02.929039+00:00
ACC_SMURF011,ACC_SHELL01,9844.03,2026-08-22T05:31:32.929039+00:00
ACC1109,ACC2148,1529.21,2026-08-22T18:10:02.929039+00:00
ACC1102,ACC2123,1222.02,2026-08-22T12:55:02.929039+00:00
ACC1108,ACC2103,2154.61,2026-08-22T13:08:02.929039+00:00
ACC1148,ACC2146,1116.96,2026-08-23T11:34:02.929039+00:00
ACC1104,ACC2135,1742.77,2026-08-22T23:24:02.929039+00:00
ACC1126,ACC2103,3573.74,2026-08-22T19:11:02.929039+00:00
ACC1134,ACC2123,2094.74,2026-08-21T16:37:02.929039+00:00
ACC1112,ACC2115,868.94,2026-08-22T06:25:02.929039+00:00
ACC1102,ACC2147,294.73,2026-08-22T18:09:02.929039+00:00
ACC1148,ACC2143,3105.84,2026-08-22T08:37:02.929039+00:00
ACC16316,ACC26484,1799.73,2026-08-22T02:09:40.805961+00:00
ACC1131,ACC2102,2979.58,2026-08-23T00:01:02.929039+00:00
ACC_SMURF019,ACC_SHELL01,9205.21,2026-08-22T05:22:32.929039+00:00
ACC18113,ACC28160,890.58,2026-08-22T16:22:40.805961+00:00
ACC1105,ACC2144,1551.11,2026-08-22T14:11:02.929039+00:00
ACC1115,ACC2148,3579.29,2026-08-22T18:55:02.929039+00:00
ACC1104,ACC2112,2974.21,2026-08-22T02:25:02.929039+00:00
ACC1128,ACC2108,4346.23,2026-08-21T21:05:02.929039+00:00
ACC_LOOP01,ACC_LOOP02,47642.91,2026-08-22T14:39:02.929039+00:00
ACC1104,ACC2133,1503.33,2026-08-22T14:53:02.929039+00:00
ACC17586,ACC28160,495.03,2026-08-22T02:29:40.805961+00:00
ACC15543,ACC28160,1588.87,2026-08-22T09:13:40.805961+00:00
ACC1144,ACC2127,2447.36,2026-08-22T00:25:02.929039+00:00
ACC1124,ACC2134,831.59,2026-08-22T03:59:02.929039+00:00
ACC_LOOP03,ACC_LOOP01,42018.32,2026-08-22T16:59:02.929039+00:00
ACC1113,ACC2142,2625.79,2026-08-22T12:55:02.929039+00:00
ACC1133,ACC2107,4279.24,2026-08-22T06:56:02.929039+00:00
ACC_SMURF005,ACC_SHELL01,9403.58,2026-08-22T05:42:02.929039+00:00
ACC1139,ACC2111,206387.95,2026-08-23T11:39:02.929039+00:00
ACC15543,ACC28160,1739.07,2026-08-21T20:34:40.805961+00:00
ACC_SMURF005,ACC_SHELL01,9681.12,2026-08-22T05:12:02.929039+00:00
ACC18760,ACC25754,370.42,2026-08-20T20:15:40.805961+00:00
ACC1116,ACC2142,2093.32,2026-08-22T20:06:02.929039+00:00
ACC1102,ACC2114,4447.22,2026-08-23T02:17:02.929039+00:00
ACC1118,ACC2112,3044.29,2026-08-23T09:48:02.929039+00:00
ACC1127,ACC2142,2883.46,2026-08-23T08:51:02.929039+00:00
ACC_SMURF006,ACC_SHELL01,9904.53,2026-08-22T05:42:47.929039+00:00
ACC1125,ACC2122,4227.45,2026-08-21T22:59:02.929039+00:00
ACC1130,ACC2111,1249.73,2026-08-22T16:54:02.929039+00:00
ACC1134,ACC2137,3065.04,2026-08-23T12:53:02.929039+00:00
ACC1138,ACC2136,114247.6,2026-08-23T02:39:02.929039+00:00
ACC1100,ACC2133,2280.82,2026-08-22T17:51:02.929039+00:00
ACC1119,ACC2133,3721.96,2026-08-22T17:21:02.929039+00:00
ACC1128,ACC2108,1452.58,2026-08-21T17:31:02.929039+00:00
ACC1121,ACC2122,3803.54,2026-08-22T16:44:02.929039+00:00
ACC1101,ACC2123,3331.5,2026-08-21T15:16:02.929039+00:00
ACC_SMURF004,ACC_SHELL01,8966.83,2026-08-22T04:56:17.929039+00:00
ACC1142,ACC2111,1860.76,2026-08-22T10:04:02.929039+00:00
ACC_SMURF012,ACC_SHELL01,9148.07,2026-08-22T06:17:17.929039+00:00
ACC1107,ACC2133,797.36,2026-08-22T00:40:02.929039+00:00
ACC_SMURF007,ACC_SHELL01,9823.94,2026-08-22T04:58:32.929039+00:00
ACC1124,ACC2119,3294.29,2026-08-22T00:24:02.929039+00:00
ACC1144,ACC2141,3384.61,2026-08-22T23:23:02.929039+00:00
ACC18760,ACC27311,417.16,2026-08-23T01:55:40.805961+00:00
ACC15543,ACC27311,1780.45,2026-08-21T18:18:40.805961+00:00
ACC1113,ACC2133,3786.83,2026-08-23T05:32:02.929039+00:00
ACC1130,ACC2141,85269.94,2026-08-22T22:39:02.929039+00:00
ACC_SMURF009,ACC_SHELL01,9318.11,2026-08-22T05:00:02.929039+00:00
ACC_SMURF006,ACC_SHELL01,9878.13,2026-08-22T06:12:47.929039+00:00
ACC1123,ACC2137,399.85,2026-08-21T16:04:02.929039+00:00
ACC1112,ACC2109,2122.45,2026-08-23T05:05:02.929039+00:00
ACC1126,ACC2143,2323.24,2026-08-22T19:17:02.929039+00:00
ACC1130,ACC2122,2313.8,2026-08-22T17:09:02.929039+00:00
ACC1136,ACC2133,587.99,2026-08-22T03:39:02.929039+00:00
ACC16316,ACC25754,147.17,2026-08-21T07:55:40.805961+00:00
ACC_SMURF015,ACC_SHELL01,9637.69,2026-08-22T05:49:32.929039+00:00
ACC1145,ACC2123,3832.47,2026-08-21T20:18:02.929039+00:00
ACC19882,ACC21150,1097.26,2026-08-21T01:42:40.805961+00:00
ACC1106,ACC2121,3665.6,2026-08-22T16:20:02.929039+00:00
ACC_LOOP01,ACC_LOOP02,42178.0,2026-08-23T02:39:02.929039+00:00
ACC1129,ACC2102,1962.33,2026-08-22T10:41:02.929039+00:00
ACC1127,ACC2123,102.93,2026-08-22T21:33:02.929039+00:00
ACC1138,ACC2142,722.41,2026-08-23T04:01:02.929039+00:00
ACC1130,ACC2115,2901.72,2026-08-22T19:48:02.929039+00:00
ACC_SMURF012,ACC_SHELL01,9890.66,2026-08-22T05:32:17.929039+00:00
ACC1117,ACC2111,2932.16,2026-08-22T17:45:02.929039+00:00
ACC19882,ACC21150,1464.49,2026-08-21T21:56:40.805961+00:00
ACC1120,ACC2109,3640.22,2026-08-22T04:01:02.929039+00:00
ACC1137,ACC2120,2880.95,2026-08-22T14:48:02.929039+00:00
ACC1120,ACC2103,1808.73,2026-08-23T06:46:02.929039+00:00
ACC1110,ACC2108,2559.35,2026-08-23T11:33:02.929039+00:00
ACC1112,ACC2144,1188.87,2026-08-23T00:27:02.929039+00:00
ACC_SMURF012,ACC_SHELL01,9894.77,2026-08-22T04:47:17.929039+00:00
ACC1100,ACC2105,921.36,2026-08-21T23:13:02.929039+00:00
ACC1141,ACC2105,111675.45,2026-08-22T19:39:02.929039+00:00
ACC_SMURF003,ACC_SHELL01,9186.18,2026-08-22T04:40:32.929039+00:00
ACC_SMURF010,ACC_SHELL01,9902.4,2026-08-22T06:15:47.929039+00:00
ACC19863,ACC26484,1021.9,2026-08-21T11:05:40.805961+00:00
ACC1141,ACC2108,256.95,2026-08-23T02:44:02.929039+00:00
ACC1148,ACC2106,3612.02,2026-08-22T20:00:02.929039+00:00
ACC_SMURF020,ACC_SHELL01,9374.93,2026-08-22T04:53:17.929039+00:00
ACC_SMURF006,ACC_SHELL01,9513.39,2026-08-22T04:42:47.929039+00:00
ACC1124,ACC2109,1199.76,2026-08-23T09:08:02.929039+00:00
ACC1144,ACC2149,237298.95,2026-08-22T19:39:02.929039+00:00
ACC1147,ACC2105,352.73,2026-08-23T14:34:02.929039+00:00
ACC1145,ACC2129,2020.68,2026-08-23T00:42:02.929039+00:00
ACC1105,ACC2136,148256.64,2026-08-23T04:39:02.929039+00:00
ACC1138,ACC2148,3879.76,2026-08-21T16:14:02.929039+00:00
ACC_SMURF003,ACC_SHELL01,9144.12,2026-08-22T05:10:32.929039+00:00
ACC1141,ACC2133,216313.89,2026-08-22T11:39:02.929039+00:00
ACC1129,ACC2117,1558.83,2026-08-23T03:13:02.929039+00:00
ACC_SMURF019,ACC_SHELL01,9486.09,2026-08-22T05:37:32.929039+00:00
ACC1106,ACC2115,2792.46,2026-08-21T17:14:02.929039+00:00
ACC1115,ACC2100,4197.46,2026-08-23T14:13:02.929039+00:00
ACC_LOOP01,ACC_LOOP02,45779.29,2026-08-23T08:39:02.929039+00:00
ACC1143,ACC2127,2029.67,2026-08-21T21:10:02.929039+00:00
ACC1142,ACC2146,470.63,2026-08-22T08:54:02.929039+00:00
ACC1145,ACC2118,4132.12,2026-08-22T03:44:02.929039+00:00
ACC_SMURF017,ACC_SHELL01,9196.71,2026-08-22T05:21:02.929039+00:00
ACC1136,ACC2120,2320.55,2026-08-22T12:05:02.929039+00:00
ACC1124,ACC2108,1089.18,2026-08-23T08:54:02.929039+00:00
ACC18242,ACC29921,1149.57,2026-08-22T05:48:40.805961+00:00
ACC1134,ACC2143,2244.79,2026-08-23T09:40:02.929039+00:00
ACC1104,ACC2126,3200.48,2026-08-21T23:06:02.929039+00:00
ACC_SMURF011,ACC_SHELL01,9415.92,2026-08-22T06:01:32.929039+00:00
ACC1101,ACC2106,1389.72,2026-08-21T22:12:02.929039+00:00
ACC1121,ACC2148,4312.43,2026-08-23T03:03:02.929039+00:00
ACC1106,ACC2145,3020.38,2026-08-23T01:30:02.929039+00:00
ACC1132,ACC2104,1501.44,2026-08-21T20:59:02.929039+00:00
ACC_SMURF004,ACC_SHELL01,9045.47,2026-08-22T05:41:17.929039+00:00
ACC1116,ACC2113,1342.53,2026-08-23T11:42:02.929039+00:00
ACC_LOOP01,ACC_LOOP02,42018.32,2026-08-22T16:39:02.929039+00:00
ACC_SMURF001,ACC_SHELL01,9921.67,2026-08-22T04:54:02.929039+00:00
ACC1135,ACC2106,1528.67,2026-08-23T01:52:02.929039+00:00
ACC1104,ACC2117,1820.24,2026-08-22T23:56:02.929039+00:00
ACC1103,ACC2135,835.71,2026-08-23T04:20:02.929039+00:00
ACC1149,ACC2129,3517.52,2026-08-23T14:38:02.929039+00:00
ACC1124,ACC2100,80156.31,2026-08-21T19:39:02.929039+00:00
ACC1111,ACC2103,208.09,2026-08-22T14:12:02.929039+00:00
ACC1122,ACC2121,256.79,2026-08-22T11:22:02.929039+00:00
ACC1108,ACC2109,3121.89,2026-08-22T13:19:02.929039+00:00
ACC1126,ACC2145,3972.87,2026-08-21T22:11:02.929039+00:00
ACC1135,ACC2128,3704.37,2026-08-22T12:55:02.929039+00:00
ACC1112,ACC2112,785.99,2026-08-22T16:53:02.929039+00:00
ACC1136,ACC2147,2123.54,2026-08-23T08:03:02.929039+00:00
ACC1109,ACC2124,986.61,2026-08-23T09:56:02.929039+00:00
ACC1128,ACC2104,4496.03,2026-08-22T02:53:02.929039+00:00
ACC1141,ACC2116,3510.01,2026-08-22T02:11:02.929039+00:00
ACC_LOOP01,ACC_LOOP02,44901.34,2026-08-23T00:39:02.929039+00:00
ACC_SMURF012,ACC_SHELL01,9378.35,2026-08-22T05:17:17.929039+00:00
ACC1104,ACC2133,569.87,2026-08-22T20:51:02.929039+00:00
ACC1143,ACC2134,269.9,2026-08-23T08:48:02.929039+00:00
ACC1112,ACC2109,3104.59,2026-08-22T00:46:02.929039+00:00
ACC1144,ACC2101,3047.69,2026-08-21T15:06:02.929039+00:00
ACC_LOOP02,ACC_LOOP03,46599.24,2026-08-23T12:49:02.929039+00:00
ACC1132,ACC2113,843.3,2026-08-22T02:47:02.929039+00:00
ACC1130,ACC2137,206288.14,2026-08-23T01:39:02.929039+00:00
ACC1128,ACC2112,213873.75,2026-08-23T03:39:02.929039+00:00
ACC1131,ACC2143,3974.49,2026-08-22T23:03:02.929039+00:00
ACC_SMURF008,ACC_SHELL01,8965.91,2026-08-22T06:14:17.929039+00:00
ACC_SMURF020,ACC_SHELL01,9522.42,2026-08-22T05:08:17.929039+00:00
ACC1116,ACC2100,3335.42,2026-08-22T00:27:02.929039+00:00
ACC_SMURF008,ACC_SHELL01,8968.5,2026-08-22T05:44:17.929039+00:00
ACC1104,ACC2106,4066.75,2026-08-22T00:01:02.929039+00:00
ACC1115,ACC2118,2265.91,2026-08-21T22:17:02.929039+00:00
ACC1148,ACC2137,2107.38,2026-08-22T15:04:02.929039+00:00
ACC1125,ACC2146,4051.54,2026-08-22T22:07:02.929039+00:00
ACC16520,ACC21437,1635.19,2026-08-22T19:17:40.805961+00:00
ACC1108,ACC2149,1616.48,2026-08-21T16:57:02.929039+00:00
ACC1101,ACC2147,3945.08,2026-08-22T00:21:02.929039+00:00
ACC_SMURF016,ACC_SHELL01,9255.0,2026-08-22T06:05:17.929039+00:00
ACC1113,ACC2122,733.25,2026-08-21T20:36:02.929039+00:00
ACC1105,ACC2104,1550.43,2026-08-23T08:40:02.929039+00:00
ACC19882,ACC25200,74.76,2026-08-21T05:18:40.805961+00:00
ACC1128,ACC2139,3052.21,2026-08-22T17:11:02.929039+00:00
ACC1129,ACC2106,4251.32,2026-08-22T11:36:02.929039+00:00
ACC1147,ACC2103,3180.24,2026-08-22T15:41:02.929039+00:00
ACC1101,ACC2136,221033.52,2026-08-23T02:39:02.929039+00:00
ACC_SMURF019,ACC_SHELL01,9601.76,2026-08-22T05:52:32.929039+00:00
ACC_SMURF009,ACC_SHELL01,9145.19,2026-08-22T05:45:02.929039+00:00
ACC_LOOP02,ACC_LOOP03,42018.32,2026-08-22T16:49:02.929039+00:00
ACC1146,ACC2103,1265.59,2026-08-22T10:26:02.929039+00:00
ACC19863,ACC28160,1305.94,2026-08-22T21:07:40.805961+00:00
ACC1127,ACC2147,1226.36,2026-08-21T17:26:02.929039+00:00
ACC1128,ACC2105,2274.41,2026-08-22T00:00:02.929039+00:00
ACC1146,ACC2116,2665.69,2026-08-21T22:31:02.929039+00:00
ACC_SMURF019,ACC_SHELL01,9209.0,2026-08-22T05:07:32.929039+00:00
ACC1139,ACC2103,1614.01,2026-08-22T14:56:02.929039+00:00
ACC1147,ACC2142,3777.21,2026-08-22T02:53:02.929039+00:00
ACC1111,ACC2107,2678.81,2026-08-22T17:48:02.929039+00:00
ACC1125,ACC2147,1766.62,2026-08-22T12:48:02.929039+00:00
ACC_SMURF013,ACC_SHELL01,9756.1,2026-08-22T05:03:02.929039+00:00
ACC_SMURF020,ACC_SHELL01,9244.11,2026-08-22T06:08:17.929039+00:00
ACC1116,ACC2149,2970.61,2026-08-22T20:24:02.929039+00:00
ACC1149,ACC2113,2756.61,2026-08-22T06:29:02.929039+00:00
ACC1133,ACC2147,3767.19,2026-08-23T00:09:02.929039+00:00
ACC_SMURF006,ACC_SHELL01,9290.3,2026-08-22T05:12:47.929039+00:00
ACC1110,ACC2124,2941.5,2026-08-22T05:59:02.929039+00:00
ACC1145,ACC2113,3747.65,2026-08-22T20:13:02.929039+00:00
ACC_SMURF010,ACC_SHELL01,9557.93,2026-08-22T05:45:47.929039+00:00
ACC1111,ACC2113,2453.85,2026-08-22T07:49:02.929039+00:00
ACC18242,ACC28160,1041.44,2026-08-22T04:00:40.805961+00:00
ACC1111,ACC2127,1464.9,2026-08-23T07:06:02.929039+00:00
ACC1112,ACC2100,2105.34,2026-08-22T04:34:02.929039+00:00
ACC1135,ACC2113,169852.7,2026-08-22T07:39:02.929039+00:00
ACC1116,ACC2109,2590.57,2026-08-23T14:32:02.929039+00:00
ACC1119,ACC2114,4228.6,2026-08-22T06:01:02.929039+00:00
ACC1143,ACC2115,1240.85,2026-08-22T09:40:02.929039+00:00
ACC1133,ACC2100,604.15,2026-08-23T12:56:02.929039+00:00
ACC1102,ACC2144,104170.77,2026-08-21T22:39:02.929039+00:00
ACC1113,ACC2108,35.83,2026-08-22T05:27:02.929039+00:00
ACC17586,ACC25754,858.39,2026-08-22T21:47:40.805961+00:00
ACC1143,ACC2148,127.42,2026-08-22T22:01:02.929039+00:00
ACC1148,ACC2139,2897.61,2026-08-22T15:27:02.929039+00:00
ACC1129,ACC2111,932.18,2026-08-23T00:35:02.929039+00:00
ACC1111,ACC2144,3770.52,2026-08-21T18:14:02.929039+00:00
ACC1114,ACC2145,1171.0,2026-08-23T00:08:02.929039+00:00
ACC14639,ACC25754,1081.18,2026-08-22T20:01:40.805961+00:00
ACC16316,ACC21437,223.89,2026-08-22T11:29:40.805961+00:00
ACC1133,ACC2125,3600.65,2026-08-22T22:06:02.929039+00:00
ACC_SMURF015,ACC_SHELL01,9537.93,2026-08-22T04:49:32.929039+00:00
ACC1112,ACC2103,2469.63,2026-08-22T00:13:02.929039+00:00
ACC16520,ACC29921,893.71,2026-08-22T16:46:40.805961+00:00
ACC19882,ACC24892,655.95,2026-08-21T06:05:40.805961+00:00
ACC_SMURF002,ACC_SHELL01,8929.68,2026-08-22T06:09:47.929039+00:00
ACC1105,ACC2142,2809.52,2026-08-23T13:55:02.929039+00:00
ACC1101,ACC2146,3621.57,2026-08-23T11:58:02.929039+00:00
ACC1110,ACC2110,1604.02,2026-08-23T13:51:02.929039+00:00
ACC1123,ACC2149,1653.43,2026-08-22T09:05:02.929039+00:00
ACC1114,ACC2125,144.24,2026-08-22T12:32:02.929039+00:00
ACC1119,ACC2120,3781.61,2026-08-22T22:57:02.929039+00:00
ACC1144,ACC2120,3568.2,2026-08-22T13:30:02.929039+00:00
ACC1103,ACC2129,3141.76,2026-08-23T10:32:02.929039+00:00
ACC1107,ACC2116,2137.38,2026-08-22T20:22:02.929039+00:00
ACC1143,ACC2124,599.48,2026-08-22T06:19:02.929039+00:00
ACC19882,ACC28160,386.83,2026-08-21T00:20:40.805961+00:00
ACC15543,ACC21150,772.47,2026-08-21T08:28:40.805961+00:00
ACC1121,ACC2140,751.38,2026-08-22T05:08:02.929039+00:00
ACC1112,ACC2127,144.78,2026-08-22T16:45:02.929039+00:00
ACC15543,ACC29921,1357.89,2026-08-22T10:07:40.805961+00:00
ACC_LOOP03,ACC_LOOP01,45779.29,2026-08-23T08:59:02.929039+00:00
ACC1133,ACC2121,3927.19,2026-08-21T21:14:02.929039+00:00
ACC_SMURF014,ACC_SHELL01,9771.86,2026-08-22T04:48:47.929039+00:00
ACC_LOOP03,ACC_LOOP01,42178.0,2026-08-23T02:59:02.929039+00:00
ACC16316,ACC21633,968.08,2026-08-23T04:46:40.805961+00:00
ACC1130,ACC2108,3552.14,2026-08-22T18:57:02.929039+00:00
ACC19882,ACC25754,567.12,2026-08-22T06:24:40.805961+00:00
ACC1102,ACC2127,3536.76,2026-08-22T22:18:02.929039+00:00
ACC18113,ACC24892,117.01,2026-08-22T14:16:40.805961+00:00
ACC1104,ACC2115,353.27,2026-08-23T05:54:02.929039+00:00
ACC1107,ACC2102,1086.23,2026-08-22T17:19:02.929039+00:00
ACC1106,ACC2114,2617.18,2026-08-22T02:47:02.929039+00:00
ACC1145,ACC2126,939.77,2026-08-21T19:03:02.929039+00:00
ACC1113,ACC2110,1972.64,2026-08-22T11:16:02.929039+00:00
ACC_SMURF017,ACC_SHELL01,9345.66,2026-08-22T05:51:02.929039+00:00
ACC1106,ACC2125,1806.47,2026-08-22T11:11:02.929039+00:00
ACC15543,ACC28160,287.68,2026-08-23T00:35:40.805961+00:00
ACC_SMURF014,ACC_SHELL01,9812.27,2026-08-22T05:18:47.929039+00:00
ACC1149,ACC2117,328.99,2026-08-22T05:49:02.929039+00:00
ACC1106,ACC2121,1325.23,2026-08-23T13:34:02.929039+00:00
ACC1132,ACC2147,255.59,2026-08-23T12:04:02.929039+00:00
ACC1125,ACC2104,4034.59,2026-08-22T19:57:02.929039+00:00
ACC1107,ACC2149,4407.29,2026-08-23T06:10:02.929039+00:00
ACC1114,ACC2109,3841.74,2026-08-23T10:49:02.929039+00:00
ACC1124,ACC2139,206.13,2026-08-21T19:33:02.929039+00:00
ACC1122,ACC2122,3410.5,2026-08-23T09:07:02.929039+00:00
ACC1137,ACC2133,1285.83,2026-08-22T06:35:02.929039+00:00
ACC1111,ACC2126,1918.58,2026-08-22T14:14:02.929039+00:00
ACC1111,ACC2145,1757.24,2026-08-23T07:57:02.929039+00:00
ACC1130,ACC2137,4113.11,2026-08-23T01:17:02.929039+00:00
ACC_SMURF018,ACC_SHELL01,9146.87,2026-08-22T05:06:47.929039+00:00
ACC1142,ACC2144,807.65,2026-08-22T20:03:02.929039+00:00
ACC_LOOP01,ACC_LOOP02,47965.53,2026-08-22T22:39:02.929039+00:00
ACC1109,ACC2122,975.44,2026-08-23T12:38:02.929039+00:00
ACC1130,ACC2132,2308.51,2026-08-22T16:12:02.929039+00:00
ACC1145,ACC2142,3183.53,2026-08-23T03:12:02.929039+00:00
ACC1123,ACC2123,3126.06,2026-08-22T00:26:02.929039+00:00
ACC1128,ACC2117,3747.28,2026-08-23T14:39:02.929039+00:00
ACC1109,ACC2126,2263.46,2026-08-23T07:33:02.929039+00:00
ACC1130,ACC2105,1801.68,2026-08-22T22:46:02.929039+00:00
ACC1135,ACC2138,1848.2,2026-08-21T19:09:02.929039+00:00
ACC1124,ACC2126,4476.38,2026-08-22T12:42:02.929039+00:00
ACC17586,ACC21633,340.14,2026-08-21T00:30:40.805961+00:00
ACC1108,ACC2138,2753.73,2026-08-23T11:27:02.929039+00:00
ACC1138,ACC2107,4108.28,2026-08-23T06:05:02.929039+00:00
ACC16520,ACC28160,1015.42,2026-08-21T01:50:40.805961+00:00
ACC_LOOP01,ACC_LOOP02,44968.95,2026-08-22T12:39:02.929039+00:00
ACC_LOOP03,ACC_LOOP01,47666.07,2026-08-23T10:59:02.929039+00:00
ACC1145,ACC2149,3306.02,2026-08-23T06:54:02.929039+00:00
ACC_SMURF007,ACC_SHELL01,9274.01,2026-08-22T05:58:32.929039+00:00
ACC16520,ACC25200,1551.89,2026-08-20T19:45:40.805961+00:00
ACC1123,ACC2122,3544.9,2026-08-22T06:12:02.929039+00:00
ACC19863,ACC28160,151.75,2026-08-21T10:16:40.805961+00:00
ACC_SMURF018,ACC_SHELL01,9175.74,2026-08-22T06:06:47.929039+00:00
ACC1145,ACC2131,2314.12,2026-08-22T09:25:02.929039+00:00
ACC1134,ACC2138,1944.58,2026-08-21T20:02:02.929039+00:00
ACC1121,ACC2110,3598.08,2026-08-22T05:54:02.929039+00:00
ACC1127,ACC2115,1043.8,2026-08-22T05:57:02.929039+00:00
ACC_LOOP03,ACC_LOOP01,47661.23,2026-08-23T06:59:02.929039+00:00
ACC1109,ACC2100,970.14,2026-08-23T08:48:02.929039+00:00
ACC16316,ACC24892,334.48,2026-08-23T07:38:40.805961+00:00
ACC1149,ACC2146,1962.44,2026-08-23T03:39:02.929039+00:00
ACC_SMURF013,ACC_SHELL01,9028.83,2026-08-22T05:33:02.929039+00:00
ACC1106,ACC2123,601.73,2026-08-23T07:18:02.929039+00:00
ACC1116,ACC2105,3112.37,2026-08-22T14:41:02.929039+00:00
ACC1104,ACC2137,4312.03,2026-08-21T16:23:02.929039+00:00
ACC1105,ACC2102,1703.12,2026-08-22T11:53:02.929039+00:00
ACC16520,ACC27311,498.85,2026-08-23T03:08:40.805961+00:00
ACC1139,ACC2135,1749.14,2026-08-22T11:01:02.929039+00:00
ACC1112,ACC2113,346.01,2026-08-22T02:46:02.929039+00:00
ACC1119,ACC2124,4067.02,2026-08-22T12:51:02.929039+00:00
ACC1100,ACC2147,2310.85,2026-08-21T15:09:02.929039+00:00
ACC1124,ACC2100,590.41,2026-08-22T06:31:02.929039+00:00
ACC_SMURF016,ACC_SHELL01,9366.6,2026-08-22T04:50:17.929039+00:00
ACC15543,ACC21633,733.29,2026-08-23T05:26:40.805961+00:00
ACC1122,ACC2104,85.71,2026-08-21T22:03:02.929039+00:00
ACC1110,ACC2103,2381.85,2026-08-22T09:15:02.929039+00:00
ACC1144,ACC2104,600.76,2026-08-21T21:35:02.929039+00:00
ACC_LOOP02,ACC_LOOP03,47666.07,2026-08-23T10:49:02.929039+00:00
ACC1104,ACC2147,378.06,2026-08-22T08:08:02.929039+00:00
ACC_SMURF007,ACC_SHELL01,9246.03,2026-08-22T04:43:32.929039+00:00
ACC1119,ACC2136,2565.98,2026-08-21T19:47:02.929039+00:00
ACC1111,ACC2144,2167.96,2026-08-23T08:48:02.929039+00:00
ACC_SMURF011,ACC_SHELL01,9794.48,2026-08-22T05:16:32.929039+00:00
ACC1145,ACC2148,3598.91,2026-08-22T23:51:02.929039+00:00
ACC_LOOP03,ACC_LOOP01,47965.53,2026-08-22T22:59:02.929039+00:00
ACC1124,ACC2131,2475.26,2026-08-23T09:49:02.929039+00:00
ACC_SMURF013,ACC_SHELL01,9304.32,2026-08-22T06:18:02.929039+00:00
ACC1125,ACC2104,2482.81,2026-08-21T21:21:02.929039+00:00
ACC1127,ACC2149,247724.47,2026-08-22T03:39:02.929039+00:00
ACC1106,ACC2108,1041.46,2026-08-23T13:42:02.929039+00:00
ACC1139,ACC2135,1462.45,2026-08-23T14:00:02.929039+00:00
ACC1117,ACC2110,3153.09,2026-08-23T11:07:02.929039+00:00
ACC_SMURF012,ACC_SHELL01,8958.99,2026-08-22T05:02:17.929039+00:00
ACC1143,ACC2148,3435.47,2026-08-23T04:39:02.929039+00:00
ACC1109,ACC2101,3499.1,2026-08-23T08:52:02.929039+00:00
ACC19863,ACC25200,752.22,2026-08-21T07:08:40.805961+00:00
ACC1103,ACC2104,2390.75,2026-08-22T03:43:02.929039+00:00
ACC1136,ACC2130,874.92,2026-08-21T21:48:02.929039+00:00
ACC_SMURF011,ACC_SHELL01,9544.86,2026-08-22T06:16:32.929039+00:00
ACC1100,ACC2120,1029.99,2026-08-22T17:08:02.929039+00:00
ACC1149,ACC2142,3267.66,2026-08-23T04:33:02.929039+00:00
ACC1148,ACC2149,1492.4,2026-08-23T02:51:02.929039+00:00
ACC1139,ACC2108,4448.01,2026-08-23T13:55:02.929039+00:00
ACC16520,ACC24892,994.77,2026-08-21T05:48:40.805961+00:00
ACC_SMURF007,ACC_SHELL01,9193.84,2026-08-22T05:13:32.929039+00:00
ACC16316,ACC21437,1188.03,2026-08-22T02:39:40.805961+00:00
ACC1128,ACC2117,3833.41,2026-08-23T09:12:02.929039+00:00
ACC1129,ACC2132,4014.39,2026-08-22T16:18:02.929039+00:00
ACC16316,ACC24892,1606.46,2026-08-23T08:57:40.805961+00:00
ACC_LOOP01,ACC_LOOP02,46599.24,2026-08-23T12:39:02.929039+00:00
ACC_SMURF016,ACC_SHELL01,9756.98,2026-08-22T05:05:17.929039+00:00
